feature,gain,mean_abs_shap,gain_rank,shap_rank,avg_rank
unique_zips,5.868522644042969,0.15126383,1,2,1.5
total_payment_value,1.6991033554077148,0.22124244,4,1,2.5
unique_customers,3.093466281890869,0.055063143,2,3,2.5
order_count,1.81606125831604,0.02721462,3,6,4.5
total_quantity,0.4995262324810028,0.018128663,7,7,7.0
rev_cogs_ratio_lag1,0.1693713366985321,0.02740526,14,5,9.5
total_sessions_lag_1d,0.25226113200187683,0.0051468327,12,10,11.0
year_trend,0.15010200440883636,0.006756983,15,8,11.5
cogs_lag_365d,0.25956201553344727,0.0030826835,11,15,13.0
total_discount,0.11063246428966522,0.027921937,22,4,13.0
month_cos,0.30874869227409363,0.0029250174,10,17,13.5
total_sessions,0.20605558156967163,0.0034184377,13,14,13.5
active_promos_count,0.12714433670043945,0.005032212,20,11,15.5
trend_sq,0.1347610503435135,0.003008092,18,16,17.0
cogs_lag_1d,0.39809104800224304,0.0017687336,9,26,17.5
day_of_year,0.09172288328409195,0.004864026,25,12,18.5
total_shipping_fee,0.07434616982936859,0.006239142,29,9,19.0
total_discount_lag_1d,0.08992655575275421,0.00383669,26,13,19.5
total_sessions_lag_7d,0.13675758242607117,0.0023661132,17,22,19.5
total_unique_visitors,0.14627769589424133,0.0018713672,16,25,20.5
revenue_lag_1d,0.5426244139671326,0.0010530209,6,37,21.5
total_quantity_lag_1d,0.6974259614944458,0.0009129874,5,39,22.0
week_of_year,0.09443188458681107,0.0021492257,24,23,23.5
total_unique_visitors_lag_1d,0.1010759174823761,0.0021220488,23,24,23.5
avg_sell_through_rate,0.07731985300779343,0.0025292428,28,20,24.0
total_unique_visitors_lag_7d,0.11368753761053085,0.001539467,21,29,25.0
cogs_exp_mean,0.05980286747217178,0.0028160952,33,18,25.5
order_count_lag_1d,0.47951099276542664,0.0006515297,8,44,26.0
month,0.13385187089443207,0.001228863,19,33,26.0
revenue_exp_mean,0.05247338488698006,0.0027001377,35,19,27.0
avg_days_of_supply,0.0438440777361393,0.0024574387,38,21,29.5
total_page_views_lag_7d,0.07225022464990616,0.0014064105,30,31,30.5
total_payment_value_lag_1d,0.08576736599206924,0.00094535213,27,38,32.5
new_customers_count_lag_1d,0.036107879132032394,0.0017243917,41,27,34.0
total_stock_on_hand_lag_7d,0.046652745455503464,0.0012148441,36,34,35.0
total_stock_on_hand,0.0339825339615345,0.0017215494,44,28,36.0
revenue_lag_365d,0.04079533740878105,0.0011404343,39,36,37.5
total_page_views,0.054208457469940186,0.00085741765,34,42,38.0
new_customers_count_lag_7d,0.033546678721904755,0.0013125691,45,32,38.5
promo_type_percentage,0.06620828807353973,0.00055782415,31,50,40.5
total_stock_on_hand_lag_1d,0.03808269649744034,0.000829498,40,43,41.5
new_customers_count,0.02681366167962551,0.0014777314,53,30,41.5
avg_min_order_value,0.04602701961994171,0.0006186598,37,47,42.0
day_of_month,0.061975833028554916,0.00048031405,32,55,43.5
month_sin,0.035972677171230316,0.00056851277,42,49,45.5
items_overstock,0.02701685018837452,0.0006242684,51,46,48.5
total_quantity_rmean_30d,0.02267809957265854,0.0008674322,59,40,49.5
total_shipping_fee_lag_1d,0.019261201843619347,0.0011627803,64,35,49.5
cogs_rstd_30d,0.0269712395966053,0.0005905104,52,48,50.0
order_count_rmean_7d,0.030734488740563393,0.00048430037,48,54,51.0
total_shipping_fee_lag_7d,0.01770847477018833,0.0008607365,70,41,55.5
revenue_rmean_30d,0.03168834373354912,0.00032751096,47,65,56.0
revenue_rstd_30d,0.024848710745573044,0.0004080711,56,56,56.0
total_units_received,0.034048035740852356,0.00031083653,43,71,57.0
return_quantity,0.017978908494114876,0.0006435015,69,45,57.0
revenue_momentum_7_30,0.023294517770409584,0.00033785493,57,60,58.5
avg_stockout_days,0.03240300714969635,0.00029714894,46,74,60.0
revenue_lag_7d,0.024964775890111923,0.0003196986,55,68,61.5
order_count_rmean_30d,0.017040995880961418,0.00050496653,72,53,62.5
revenue_lag_3d,0.021287521347403526,0.00033280268,62,63,62.5
total_payment_value_rmean_30d,0.020895592868328094,0.00033585014,63,62,62.5
cogs_lag_30d,0.030157815665006638,0.00027740584,49,79,64.0
total_quantity_rmean_7d,0.015575283206999302,0.0005249848,78,51,64.5
revenue_rmean_14d,0.017626162618398666,0.00036394395,71,58,64.5
cogs_rmean_30d,0.029566319659352303,0.00027593915,50,80,65.0
promo_categories_covered,0.02145463041961193,0.00031233864,61,70,65.5
total_payment_value_lag_7d,0.016154292970895767,0.00040420677,76,57,66.5
total_page_views_lag_1d,0.022935615852475166,0.00028230716,58,78,68.0
total_quantity_lag_7d,0.013872482813894749,0.00051487575,85,52,68.5
cogs_momentum_7_30,0.021896827965974808,0.00029124628,60,77,68.5
cogs_lag_7d,0.019103210419416428,0.00030207526,65,73,69.0
cogs_lag_2d,0.016342122107744217,0.00033043316,74,64,69.0
order_count_lag_7d,0.014845755882561207,0.0003549505,80,59,69.5
total_units_received_lag_1d,0.02576172910630703,0.00017968015,54,88,71.0
total_payment_value_rmean_7d,0.014802978374063969,0.00032171654,81,66,73.5
revenue_rmean_7d,0.013643883168697357,0.0003365351,86,61,73.5
total_reviews_lag_7d,0.018090536817908287,0.00024233895,67,81,74.0
cogs_dev_from_30d,0.018244551494717598,0.00019730968,66,86,76.0
cogs_rstd_14d,0.015525118447840214,0.00029358885,79,76,77.5
total_reviews_lag_1d,0.013312689028680325,0.0003197768,89,67,78.0
total_units_received_lag_7d,0.0180820319801569,0.00016128812,68,90,79.0
revenue_dev_from_30d,0.012878094799816608,0.00031364267,91,69,80.0
return_quantity_lag_7d,0.016337642446160316,0.00019093817,75,87,81.0
revenue_lag_2d,0.013305447064340115,0.000295836,90,75,82.5
cogs_rstd_7d,0.012256497517228127,0.0003064146,93,72,82.5
revenue_rstd_14d,0.015575774945318699,0.00012346836,77,94,85.5
day_of_week,0.016355829313397408,6.0643855e-05,73,99,86.0
total_reviews,0.013360432349145412,0.00019978256,88,85,86.5
cogs_diff_1d_30d,0.012487903237342834,0.00023730335,92,82,87.0
revenue_rstd_7d,0.013944920152425766,0.00015202975,84,91,87.5
cogs_diff_1d_7d,0.014135265722870827,0.00012663244,83,93,88.0
revenue_cv_7d,0.013361716642975807,0.00017051061,87,89,88.0
refund_amount_lag_7d,0.012006674893200397,0.00020349657,94,84,89.0
revenue_lag_14d,0.011433985084295273,0.00021634725,97,83,90.0
revenue_dev_from_7d,0.014452007599174976,8.707875e-05,82,98,90.0
dow_x_month,0.011477605439722538,0.00014699735,96,92,94.0
refund_amount,0.011953693814575672,0.00010432322,95,95,95.0
cogs_dev_from_7d,0.010691110976040363,0.00010022131,99,96,97.5
traffic_sessions_organic_search,0.010800107382237911,9.7195334e-05,98,97,97.5
traffic_sessions_social_media,0.008895834907889366,3.996598e-05,101,100,100.5
has_stackable,0.010030882433056831,1.1595651e-05,100,102,101.0
traffic_sessions_paid_search,0.008858597837388515,1.993257e-05,102,101,101.5
